[
  {
    "name": "Application Start",
    "start": 1536565726681,
    "end": 1536565728994,
    "duration": 2313,
    "pid": 14824,
    "index": 0
  },
  {
    "name": "Load Plugin",
    "start": 1536565726688,
    "end": 1536565726738,
    "duration": 50,
    "pid": 14824,
    "index": 1
  },
  {
    "name": "Load Config",
    "start": 1536565726738,
    "end": 1536565726787,
    "duration": 49,
    "pid": 14824,
    "index": 2
  },
  {
    "name": "Require(0) config/config.default.js",
    "start": 1536565726740,
    "end": 1536565726740,
    "duration": 0,
    "pid": 14824,
    "index": 3
  },
  {
    "name": "Require(1) node_modules/egg-session/config/config.default.js",
    "start": 1536565726743,
    "end": 1536565726743,
    "duration": 0,
    "pid": 14824,
    "index": 4
  },
  {
    "name": "Require(2) node_modules/egg-security/config/config.default.js",
    "start": 1536565726744,
    "end": 1536565726745,
    "duration": 1,
    "pid": 14824,
    "index": 5
  },
  {
    "name": "Require(3) node_modules/egg-jsonp/config/config.default.js",
    "start": 1536565726746,
    "end": 1536565726747,
    "duration": 1,
    "pid": 14824,
    "index": 6
  },
  {
    "name": "Require(4) node_modules/egg-onerror/config/config.default.js",
    "start": 1536565726748,
    "end": 1536565726748,
    "duration": 0,
    "pid": 14824,
    "index": 7
  },
  {
    "name": "Require(5) node_modules/egg-i18n/config/config.default.js",
    "start": 1536565726749,
    "end": 1536565726750,
    "duration": 1,
    "pid": 14824,
    "index": 8
  },
  {
    "name": "Require(6) node_modules/egg-watcher/config/config.default.js",
    "start": 1536565726751,
    "end": 1536565726751,
    "duration": 0,
    "pid": 14824,
    "index": 9
  },
  {
    "name": "Require(7) node_modules/egg-multipart/config/config.default.js",
    "start": 1536565726753,
    "end": 1536565726753,
    "duration": 0,
    "pid": 14824,
    "index": 10
  },
  {
    "name": "Require(8) node_modules/egg-development/config/config.default.js",
    "start": 1536565726755,
    "end": 1536565726755,
    "duration": 0,
    "pid": 14824,
    "index": 11
  },
  {
    "name": "Require(9) node_modules/egg-schedule/config/config.default.js",
    "start": 1536565726757,
    "end": 1536565726757,
    "duration": 0,
    "pid": 14824,
    "index": 12
  },
  {
    "name": "Require(10) node_modules/egg-logrotator/config/config.default.js",
    "start": 1536565726758,
    "end": 1536565726759,
    "duration": 1,
    "pid": 14824,
    "index": 13
  },
  {
    "name": "Require(11) node_modules/egg-static/config/config.default.js",
    "start": 1536565726760,
    "end": 1536565726760,
    "duration": 0,
    "pid": 14824,
    "index": 14
  },
  {
    "name": "Require(12) node_modules/egg-view/config/config.default.js",
    "start": 1536565726762,
    "end": 1536565726762,
    "duration": 0,
    "pid": 14824,
    "index": 15
  },
  {
    "name": "Require(13) node_modules/egg-cors/config/config.default.js",
    "start": 1536565726764,
    "end": 1536565726764,
    "duration": 0,
    "pid": 14824,
    "index": 16
  },
  {
    "name": "Require(14) node_modules/egg-sequelize/config/config.default.js",
    "start": 1536565726765,
    "end": 1536565726766,
    "duration": 1,
    "pid": 14824,
    "index": 17
  },
  {
    "name": "Require(15) node_modules/egg-jwt/config/config.default.js",
    "start": 1536565726767,
    "end": 1536565726767,
    "duration": 0,
    "pid": 14824,
    "index": 18
  },
  {
    "name": "Require(16) node_modules/egg-view-nunjucks/config/config.default.js",
    "start": 1536565726768,
    "end": 1536565726769,
    "duration": 1,
    "pid": 14824,
    "index": 19
  },
  {
    "name": "Require(17) node_modules/egg/config/config.default.js",
    "start": 1536565726770,
    "end": 1536565726771,
    "duration": 1,
    "pid": 14824,
    "index": 20
  },
  {
    "name": "Require(18) config/config.default.js",
    "start": 1536565726773,
    "end": 1536565726773,
    "duration": 0,
    "pid": 14824,
    "index": 21
  },
  {
    "name": "Require(19) node_modules/egg-security/config/config.local.js",
    "start": 1536565726775,
    "end": 1536565726775,
    "duration": 0,
    "pid": 14824,
    "index": 22
  },
  {
    "name": "Require(20) node_modules/egg-watcher/config/config.local.js",
    "start": 1536565726778,
    "end": 1536565726778,
    "duration": 0,
    "pid": 14824,
    "index": 23
  },
  {
    "name": "Require(21) node_modules/egg-view/config/config.local.js",
    "start": 1536565726782,
    "end": 1536565726782,
    "duration": 0,
    "pid": 14824,
    "index": 24
  },
  {
    "name": "Require(22) node_modules/egg-view-nunjucks/config/config.local.js",
    "start": 1536565726785,
    "end": 1536565726785,
    "duration": 0,
    "pid": 14824,
    "index": 25
  },
  {
    "name": "Require(23) node_modules/egg/config/config.local.js",
    "start": 1536565726786,
    "end": 1536565726787,
    "duration": 1,
    "pid": 14824,
    "index": 26
  },
  {
    "name": "Load extend/application.js",
    "start": 1536565726788,
    "end": 1536565726973,
    "duration": 185,
    "pid": 14824,
    "index": 27
  },
  {
    "name": "Require(24) node_modules/egg-session/app/extend/application.js",
    "start": 1536565726790,
    "end": 1536565726790,
    "duration": 0,
    "pid": 14824,
    "index": 28
  },
  {
    "name": "Require(25) node_modules/egg-security/app/extend/application.js",
    "start": 1536565726792,
    "end": 1536565726794,
    "duration": 2,
    "pid": 14824,
    "index": 29
  },
  {
    "name": "Require(26) node_modules/egg-jsonp/app/extend/application.js",
    "start": 1536565726795,
    "end": 1536565726797,
    "duration": 2,
    "pid": 14824,
    "index": 30
  },
  {
    "name": "Require(27) node_modules/egg-logrotator/app/extend/application.js",
    "start": 1536565726801,
    "end": 1536565726804,
    "duration": 3,
    "pid": 14824,
    "index": 31
  },
  {
    "name": "Require(28) node_modules/egg-view/app/extend/application.js",
    "start": 1536565726805,
    "end": 1536565726807,
    "duration": 2,
    "pid": 14824,
    "index": 32
  },
  {
    "name": "Require(29) node_modules/egg-jwt/app/extend/application.js",
    "start": 1536565726810,
    "end": 1536565726877,
    "duration": 67,
    "pid": 14824,
    "index": 33
  },
  {
    "name": "Require(30) node_modules/egg-view-nunjucks/app/extend/application.js",
    "start": 1536565726878,
    "end": 1536565726964,
    "duration": 86,
    "pid": 14824,
    "index": 34
  },
  {
    "name": "Load extend/request.js",
    "start": 1536565726973,
    "end": 1536565726992,
    "duration": 19,
    "pid": 14824,
    "index": 35
  },
  {
    "name": "Require(31) node_modules/egg/app/extend/request.js",
    "start": 1536565726981,
    "end": 1536565726983,
    "duration": 2,
    "pid": 14824,
    "index": 36
  },
  {
    "name": "Load extend/response.js",
    "start": 1536565726992,
    "end": 1536565727011,
    "duration": 19,
    "pid": 14824,
    "index": 37
  },
  {
    "name": "Require(32) node_modules/egg/app/extend/response.js",
    "start": 1536565727000,
    "end": 1536565727002,
    "duration": 2,
    "pid": 14824,
    "index": 38
  },
  {
    "name": "Load extend/context.js",
    "start": 1536565727011,
    "end": 1536565727105,
    "duration": 94,
    "pid": 14824,
    "index": 39
  },
  {
    "name": "Require(33) node_modules/egg-security/app/extend/context.js",
    "start": 1536565727012,
    "end": 1536565727028,
    "duration": 16,
    "pid": 14824,
    "index": 40
  },
  {
    "name": "Require(34) node_modules/egg-jsonp/app/extend/context.js",
    "start": 1536565727029,
    "end": 1536565727031,
    "duration": 2,
    "pid": 14824,
    "index": 41
  },
  {
    "name": "Require(35) node_modules/egg-i18n/app/extend/context.js",
    "start": 1536565727032,
    "end": 1536565727033,
    "duration": 1,
    "pid": 14824,
    "index": 42
  },
  {
    "name": "Require(36) node_modules/egg-multipart/app/extend/context.js",
    "start": 1536565727034,
    "end": 1536565727085,
    "duration": 51,
    "pid": 14824,
    "index": 43
  },
  {
    "name": "Require(37) node_modules/egg-view/app/extend/context.js",
    "start": 1536565727088,
    "end": 1536565727089,
    "duration": 1,
    "pid": 14824,
    "index": 44
  },
  {
    "name": "Require(38) node_modules/egg-validate/app/extend/context.js",
    "start": 1536565727090,
    "end": 1536565727091,
    "duration": 1,
    "pid": 14824,
    "index": 45
  },
  {
    "name": "Require(39) node_modules/egg-sequelize/app/extend/context.js",
    "start": 1536565727092,
    "end": 1536565727092,
    "duration": 0,
    "pid": 14824,
    "index": 46
  },
  {
    "name": "Require(40) node_modules/egg/app/extend/context.js",
    "start": 1536565727094,
    "end": 1536565727095,
    "duration": 1,
    "pid": 14824,
    "index": 47
  },
  {
    "name": "Load extend/helper.js",
    "start": 1536565727105,
    "end": 1536565727154,
    "duration": 49,
    "pid": 14824,
    "index": 48
  },
  {
    "name": "Require(41) node_modules/egg-security/app/extend/helper.js",
    "start": 1536565727106,
    "end": 1536565727135,
    "duration": 29,
    "pid": 14824,
    "index": 49
  },
  {
    "name": "Require(42) node_modules/egg/app/extend/helper.js",
    "start": 1536565727142,
    "end": 1536565727143,
    "duration": 1,
    "pid": 14824,
    "index": 50
  },
  {
    "name": "Load app.js",
    "start": 1536565727154,
    "end": 1536565727917,
    "duration": 763,
    "pid": 14824,
    "index": 51
  },
  {
    "name": "Require(43) node_modules/egg-session/app.js",
    "start": 1536565727155,
    "end": 1536565727156,
    "duration": 1,
    "pid": 14824,
    "index": 52
  },
  {
    "name": "Require(44) node_modules/egg-security/app.js",
    "start": 1536565727157,
    "end": 1536565727160,
    "duration": 3,
    "pid": 14824,
    "index": 53
  },
  {
    "name": "Require(45) node_modules/egg-onerror/app.js",
    "start": 1536565727162,
    "end": 1536565727181,
    "duration": 19,
    "pid": 14824,
    "index": 54
  },
  {
    "name": "Require(46) node_modules/egg-i18n/app.js",
    "start": 1536565727183,
    "end": 1536565727200,
    "duration": 17,
    "pid": 14824,
    "index": 55
  },
  {
    "name": "Require(47) node_modules/egg-watcher/app.js",
    "start": 1536565727207,
    "end": 1536565727212,
    "duration": 5,
    "pid": 14824,
    "index": 56
  },
  {
    "name": "Before Start in node_modules/egg-watcher/app.js:15:7",
    "start": 1536565727221,
    "end": 1536565728663,
    "duration": 1442,
    "pid": 14824,
    "index": 57
  },
  {
    "name": "Require(48) node_modules/egg-multipart/app.js",
    "start": 1536565727223,
    "end": 1536565727227,
    "duration": 4,
    "pid": 14824,
    "index": 58
  },
  {
    "name": "Require(49) node_modules/egg-development/app.js",
    "start": 1536565727229,
    "end": 1536565727229,
    "duration": 0,
    "pid": 14824,
    "index": 59
  },
  {
    "name": "Before Start in node_modules/egg-development/app.js:12:7",
    "start": 1536565727229,
    "end": 1536565728663,
    "duration": 1434,
    "pid": 14824,
    "index": 60
  },
  {
    "name": "Require(50) node_modules/egg-schedule/app.js",
    "start": 1536565727230,
    "end": 1536565727233,
    "duration": 3,
    "pid": 14824,
    "index": 61
  },
  {
    "name": "Require(51) node_modules/egg-logrotator/app.js",
    "start": 1536565727278,
    "end": 1536565727278,
    "duration": 0,
    "pid": 14824,
    "index": 62
  },
  {
    "name": "Require(52) node_modules/egg-static/app.js",
    "start": 1536565727279,
    "end": 1536565727280,
    "duration": 1,
    "pid": 14824,
    "index": 63
  },
  {
    "name": "Require(53) node_modules/egg-validate/app.js",
    "start": 1536565727282,
    "end": 1536565727285,
    "duration": 3,
    "pid": 14824,
    "index": 64
  },
  {
    "name": "Require(54) node_modules/egg-cors/app.js",
    "start": 1536565727286,
    "end": 1536565727287,
    "duration": 1,
    "pid": 14824,
    "index": 65
  },
  {
    "name": "Require(55) node_modules/egg-sequelize/app.js",
    "start": 1536565727288,
    "end": 1536565727289,
    "duration": 1,
    "pid": 14824,
    "index": 66
  },
  {
    "name": "Load \"Symbol(loadedModels)\" to Application",
    "start": 1536565727791,
    "end": 1536565727838,
    "duration": 47,
    "pid": 14824,
    "index": 67
  },
  {
    "name": "Before Start in node_modules/egg-sequelize/lib/loader.js:42:7",
    "start": 1536565727856,
    "end": 1536565728994,
    "duration": 1138,
    "pid": 14824,
    "index": 68
  },
  {
    "name": "Require(56) node_modules/egg-jwt/app.js",
    "start": 1536565727864,
    "end": 1536565727865,
    "duration": 1,
    "pid": 14824,
    "index": 69
  },
  {
    "name": "Require(57) node_modules/egg-view-nunjucks/app.js",
    "start": 1536565727895,
    "end": 1536565727896,
    "duration": 1,
    "pid": 14824,
    "index": 70
  },
  {
    "name": "Load Service",
    "start": 1536565727918,
    "end": 1536565728365,
    "duration": 447,
    "pid": 14824,
    "index": 71
  },
  {
    "name": "Load \"service\" to Context",
    "start": 1536565727918,
    "end": 1536565728365,
    "duration": 447,
    "pid": 14824,
    "index": 72
  },
  {
    "name": "Load Middleware",
    "start": 1536565728365,
    "end": 1536565728545,
    "duration": 180,
    "pid": 14824,
    "index": 73
  },
  {
    "name": "Load \"middlewares\" to Application",
    "start": 1536565728365,
    "end": 1536565728528,
    "duration": 163,
    "pid": 14824,
    "index": 74
  },
  {
    "name": "Load Controller",
    "start": 1536565728545,
    "end": 1536565728588,
    "duration": 43,
    "pid": 14824,
    "index": 75
  },
  {
    "name": "Load \"controller\" to Application",
    "start": 1536565728545,
    "end": 1536565728588,
    "duration": 43,
    "pid": 14824,
    "index": 76
  },
  {
    "name": "Load Router",
    "start": 1536565728588,
    "end": 1536565728592,
    "duration": 4,
    "pid": 14824,
    "index": 77
  },
  {
    "name": "Require(58) app/router.js",
    "start": 1536565728589,
    "end": 1536565728589,
    "duration": 0,
    "pid": 14824,
    "index": 78
  },
  {
    "name": "Before Start in node_modules/egg-core/lib/egg.js:330:10",
    "start": 1536565728590,
    "end": 1536565728606,
    "duration": 16,
    "pid": 14824,
    "index": 79
  }
]