[
  {
    "name": "163s",
    "methods": [
      "HEAD",
      "GET"
    ],
    "paramNames": [],
    "path": "/index",
    "regexp": "/^\\/index(?:\\/(?=$))?$/",
    "stack": [
      "wrappedController"
    ]
  },
  {
    "name": "item-details",
    "methods": [
      "HEAD",
      "GET"
    ],
    "paramNames": [],
    "path": "/item/detail",
    "regexp": "/^\\/item\\/detail(?:\\/(?=$))?$/",
    "stack": [
      "wrappedController"
    ]
  },
  {
    "name": "categories",
    "methods": [
      "HEAD",
      "GET"
    ],
    "paramNames": [],
    "path": "/category",
    "regexp": "/^\\/category(?:\\/(?=$))?$/",
    "stack": [
      "wrappedController"
    ]
  },
  {
    "name": "categories",
    "methods": [
      "HEAD",
      "GET"
    ],
    "paramNames": [],
    "path": "/xhr/manufacturer",
    "regexp": "/^\\/xhr\\/manufacturer(?:\\/(?=$))?$/",
    "stack": [
      "wrappedController"
    ]
  },
  {
    "name": "categories",
    "methods": [
      "HEAD",
      "GET"
    ],
    "paramNames": [],
    "path": "/xhr/manufacturer/items",
    "regexp": "/^\\/xhr\\/manufacturer\\/items(?:\\/(?=$))?$/",
    "stack": [
      "wrappedController"
    ]
  },
  {
    "name": "categories",
    "methods": [
      "HEAD",
      "GET"
    ],
    "paramNames": [],
    "path": "/xhr/subCategory",
    "regexp": "/^\\/xhr\\/subCategory(?:\\/(?=$))?$/",
    "stack": [
      "wrappedController"
    ]
  },
  {
    "name": "hotLists",
    "methods": [
      "HEAD",
      "GET"
    ],
    "paramNames": [],
    "path": "/hot_list",
    "regexp": "/^\\/hot_list(?:\\/(?=$))?$/",
    "stack": [
      "wrappedController"
    ]
  },
  {
    "name": "host_ports",
    "methods": [
      "HEAD",
      "GET"
    ],
    "paramNames": [],
    "path": "/host_port",
    "regexp": "/^\\/host_port(?:\\/(?=$))?$/",
    "stack": [
      "wrappedController"
    ]
  },
  {
    "name": "commentTags",
    "methods": [
      "HEAD",
      "GET"
    ],
    "paramNames": [],
    "path": "/commentTags",
    "regexp": "/^\\/commentTags(?:\\/(?=$))?$/",
    "stack": [
      "wrappedController"
    ]
  },
  {
    "name": "comments",
    "methods": [
      "HEAD",
      "GET"
    ],
    "paramNames": [],
    "path": "/comment",
    "regexp": "/^\\/comment(?:\\/(?=$))?$/",
    "stack": [
      "wrappedController"
    ]
  },
  {
    "name": "tops",
    "methods": [
      "HEAD",
      "GET"
    ],
    "paramNames": [],
    "path": "/topic",
    "regexp": "/^\\/topic(?:\\/(?=$))?$/",
    "stack": [
      "wrappedController"
    ]
  },
  {
    "name": "cateLists",
    "methods": [
      "HEAD",
      "GET"
    ],
    "paramNames": [],
    "path": "/xhr/cateList",
    "regexp": "/^\\/xhr\\/cateList(?:\\/(?=$))?$/",
    "stack": [
      "wrappedController"
    ]
  },
  {
    "name": "publicKeys",
    "methods": [
      "HEAD",
      "GET"
    ],
    "paramNames": [],
    "path": "/public_key",
    "regexp": "/^\\/public_key(?:\\/(?=$))?$/",
    "stack": [
      "wrappedController"
    ]
  },
  {
    "name": "userDuplicateCheckings",
    "methods": [
      "HEAD",
      "GET"
    ],
    "paramNames": [],
    "path": "/user_duplicate_checking",
    "regexp": "/^\\/user_duplicate_checking(?:\\/(?=$))?$/",
    "stack": [
      "wrappedController"
    ]
  },
  {
    "name": "createUsers",
    "methods": [
      "POST"
    ],
    "paramNames": [],
    "path": "/register",
    "regexp": "/^\\/register(?:\\/(?=$))?$/",
    "stack": [
      "wrappedController"
    ]
  },
  {
    "name": "createUsers",
    "methods": [
      "POST"
    ],
    "paramNames": [],
    "path": "/login",
    "regexp": "/^\\/login(?:\\/(?=$))?$/",
    "stack": [
      "wrappedController"
    ]
  },
  {
    "name": "itemGoodRates",
    "methods": [
      "HEAD",
      "GET"
    ],
    "paramNames": [],
    "path": "/item_good_rates",
    "regexp": "/^\\/item_good_rates(?:\\/(?=$))?$/",
    "stack": [
      "wrappedController"
    ]
  },
  {
    "name": null,
    "methods": [
      "DELETE"
    ],
    "paramNames": [
      {
        "name": "id",
        "prefix": "/",
        "delimiter": "/",
        "optional": false,
        "repeat": false,
        "partial": false,
        "asterisk": false,
        "pattern": "[^\\/]+?"
      }
    ],
    "path": "/posts/:id",
    "regexp": "/^\\/posts\\/((?:[^\\/]+?))(?:\\/(?=$))?$/",
    "stack": [
      "wrappedController"
    ]
  },
  {
    "name": "hotSearches",
    "methods": [
      "HEAD",
      "GET"
    ],
    "paramNames": [],
    "path": "/hot_search",
    "regexp": "/^\\/hot_search(?:\\/(?=$))?$/",
    "stack": [
      "wrappedController"
    ]
  },
  {
    "name": "searchResults",
    "methods": [
      "HEAD",
      "GET"
    ],
    "paramNames": [],
    "path": "/xhr/searchResult",
    "regexp": "/^\\/xhr\\/searchResult(?:\\/(?=$))?$/",
    "stack": [
      "wrappedController"
    ]
  },
  {
    "name": "keyWords",
    "methods": [
      "HEAD",
      "GET"
    ],
    "paramNames": [],
    "path": "/keyWordSearch",
    "regexp": "/^\\/keyWordSearch(?:\\/(?=$))?$/",
    "stack": [
      "wrappedController"
    ]
  },
  {
    "name": "456s",
    "methods": [
      "HEAD",
      "GET"
    ],
    "paramNames": [
      {
        "name": 0,
        "prefix": "/",
        "delimiter": "/",
        "optional": false,
        "repeat": false,
        "partial": false,
        "asterisk": true,
        "pattern": ".*"
      }
    ],
    "path": "/*",
    "regexp": "/^\\/((?:.*))(?:\\/(?=$))?$/",
    "stack": [
      "wrappedController"
    ]
  },
  {
    "name": null,
    "methods": [
      "HEAD",
      "GET"
    ],
    "paramNames": [],
    "path": "/__loader_trace__",
    "regexp": "/^\\/__loader_trace__(?:\\/(?=$))?$/",
    "stack": [
      "wrappedController"
    ]
  }
]